graph_id,action,n_scenarios,source,n_models_total,clinician_valid
,optimize_volume_status,65,manual,6,
,monitor_creatinine_daily,64,manual,6,
,monitor_acid_base,62,manual,6,
,perform_endotracheal_intubation,62,manual,3,
,monitor_creatinine_q12h,61,manual,6,
,reassess_after_treatment,46,manual,3,
,optimize_hemodynamics,45,manual,7,
,evaluate_alternative_diagnoses,44,manual,7,
,standard_contrast_administration,37,manual,5,
,schedule_followup,37,manual,5,
,use_minimum_contrast_volume,37,manual,5,
,serial_scr_monitoring,37,manual,5,
,recheck_potassium_in_1h,31,manual,2,
,perform_lumbar_puncture,31,manual,2,
,monitor_bmp_q2_4h,30,manual,2,
,identify_toxin_class,28,manual,1,
,review_ecg_for_toxicity,28,manual,1,
,prehydrate_iv_ns,25,manual,5,
,use_lowest_contrast_volume,25,manual,5,
,stress_testing_or_cta,21,manual,7,
,update_tetanus_if_needed,20,manual,7,
,remove_clothing_jewelry,20,manual,7,
,pain_management,20,manual,7,
,initiate_sglt2i,18,manual,7,
,initiate_rrt_immediately,18,manual,6,
,treat_hyperkalemia_temporizing,18,manual,6,
,monitor_potassium_q6h,18,manual,6,
,urgent_nephrology_consult,18,manual,6,
,vascular_access_placement,18,manual,6,
,monitor_fluid_balance_hourly,17,manual,6,
,plan_rrt_modality,17,manual,6,
,give_calcium_gluconate,17,manual,6,
,refer_to_allergist,17,manual,3,
,order_ecg_stat,16,manual,6,
,reassess_neurological_status,16,manual,1,
,give_thrombolysis,14,manual,2,
,reassess_perfusion,13,manual,1,
,remeasure_lactate_if_elevated,13,manual,1,
,type_and_crossmatch,11,manual,3,
,obtain_informed_consent,9,manual,7,
,give_iv_antibiotics_immediately,9,manual,4,
,give_beta_lactam_plus_fluoroquinolone,9,manual,4,
,give_aspirin,9,manual,3,
,give_crystalloid_bolus,9,manual,2,
,add_dextrose_to_iv,8,manual,7,
,initiate_beta_blocker,8,manual,7,
,continuous_monitoring,7,manual,7,
,identify_precipitating_factors,7,manual,7,
,initiate_mra,7,manual,7,
,initiate_ace_or_arb_or_arni,7,manual,7,
,review_inclusion_criteria,6,manual,7,
,manage_comorbidities,6,manual,7,
,evaluate_diastolic_function,6,manual,7,
,manage_volume_status,6,manual,7,
,document_hfref_diagnosis,6,manual,7,
,identify_etiology,6,manual,7,
,review_exclusion_criteria,6,manual,6,
,obtain_iv_access,6,manual,3,
,give_hydroxocobalamin,5,manual,7,
,discontinue_nsaid,5,manual,7,
,vasopressor_support,5,manual,7,
,invasive_hemodynamic_monitoring,5,manual,7,
,inotrope_support,5,manual,7,
,mechanical_circulatory_support_evaluation,5,manual,7,
,discuss_risks_benefits,5,manual,7,
,implant_icd,5,manual,7,
,implant_crt,5,manual,7,
,document_hfpef_diagnosis,5,manual,7,
,treat_hyperkalemia,5,manual,6,
,give_short_acting_bronchodilator,5,manual,3,
,transfuse_platelets,5,manual,2,
,consult_cardiology,5,manual,1,
,check_renal_dose_adjustment,5,manual,2,
,give_alteplase_0.9mg_kg,4,manual,7,
,multidisciplinary_team_evaluation,4,manual,7,
,select_mcs_device,4,manual,7,
,document_hfmref_diagnosis,4,manual,7,
,neurosurgery_consult,4,manual,6,
,perform_thrombectomy_procedure,4,manual,6,
,review_anticoagulation_status,4,manual,6,
,use_iso_osmolar_contrast,4,manual,6,
,stop_metformin,4,manual,2,
,continuous_fetal_monitoring,4,manual,3,
,consult_obstetrics,4,manual,3,
,consult_gastroenterology,4,manual,3,
,give_heparin,4,manual,2,
,give_digoxin_fab_fragments,4,manual,1,
,perform_chest_escharotomy,3,manual,7,
,consult_endocrinology,3,manual,7,
,give_acetaminophen_alternative,3,manual,7,
,reverse_anticoagulation_if_applicable,3,manual,6,
,confirm_favorable_perfusion_imaging,3,manual,6,
,neurological_monitoring,3,manual,6,
,treat_if_bp_above_220_120,3,manual,6,
,swallow_screen,3,manual,6,
,dvt_prophylaxis,3,manual,6,
,goal_reduction_15_percent,3,manual,6,
,early_mobilization,3,manual,6,
,consult_hepatology,3,manual,6,
,give_dantrolene,3,manual,3,
,stop_all_antipsychotics,3,manual,3,
,give_stress_dose_steroids,3,manual,3,
,stop_sglt2_inhibitor,3,manual,2,
,give_prophylactic_antibiotics,3,manual,2,
,add_ampicillin_for_listeria,3,manual,2,
,add_ampicillin_and_aminoglycoside,3,manual,2,
,give_gentamicin_iv,3,manual,2,
,order_imaging_ct_pulmonary_angiography,3,manual,2,
,verify_allergy_before_medication,3,manual,2,
,check_hepatic_dose_adjustment,3,manual,2,
,give_n_acetylcysteine,3,manual,1,
,perform_early_intubation,2,manual,7,
,pericardiocentesis,2,manual,7,
,iv_diuretics,2,manual,7,
,apply_nippv,2,manual,7,
,order_lab_free_t3,2,manual,7,
,order_lab_free_t4,2,manual,7,
,icp_monitoring_if_indicated,2,manual,6,
,consider_evacuation_if_indicated,2,manual,6,
,evd_for_hydrocephalus,2,manual,6,
,dvt_prophylaxis_mechanical,2,manual,6,
,seizure_prophylaxis_consideration,2,manual,6,
,repeat_ct_6h_or_if_deterioration,2,manual,6,
,neurosurgery_evaluation,2,manual,6,
,groin_site_monitoring,2,manual,6,
,document_shared_decision,2,manual,6,
,discuss_with_patient_family,2,manual,6,
,give_albumin_infusion,2,manual,6,
,iv_hydration_periprocedure,2,manual,6,
,post_procedure_creatinine_48h,2,manual,6,
,use_low_or_iso_osmolar_contrast,2,manual,6,
,standard_contrast_protocol,2,manual,6,
,give_aggressive_iv_fluid,2,manual,4,
,give_sodium_bicarbonate_drip,2,manual,4,
,give_glucagon,2,manual,3,
,position_left_lateral_decubitus,2,manual,3,
,add_anaerobic_coverage,2,manual,4,
,calculate_psi_score,2,manual,4,
,consult_cardiothoracic_surgery,2,manual,3,
,order_imaging_ct_angiography,2,manual,3,
,assess_aki_risk,2,manual,3,
,assess_renal_function,2,manual,2,
,give_crystalloid_fluid,2,manual,3,
,establish_large_bore_iv_access,2,manual,3,
,review_current_medications,2,manual,3,
,give_magnesium_sulfate,2,manual,3,
,order_ct_angiography_head_neck,2,manual,2,
,perform_left_uterine_displacement,1,manual,7,
,prepare_perimortem_cesarean,1,manual,7,
,hemodynamic_monitoring,1,manual,7,
,give_iv_nitroglycerin,1,manual,7,
,supplemental_oxygen,1,manual,7,
,give_iv_furosemide,1,manual,7,
,monitor_electrolytes,1,manual,7,
,consider_stopping_amiodarone,1,manual,7,
,diagnose_amiodarone_induced_thyrotoxicosis,1,manual,7,
,initiate_anticoagulation,1,manual,7,
,confirm_af_duration_over_48h,1,manual,7,
,order_transesophageal_echo_or_anticoag_3weeks,1,manual,7,
,plan_anticoagulation_after_24h,1,manual,7,
,prepare_for_cardioversion,1,manual,7,
,give_procainamide_or_ibutilide,1,manual,7,
,identify_wpw_pattern,1,manual,7,
,neurological_checks_q15min,1,manual,6,
,reduce_bp_to_below_185_110_before_tpa,1,manual,6,
,start_antiplatelet_after_24h_if_no_hemorrhage,1,manual,6,
,use_iv_labetalol_or_nicardipine,1,manual,6,
,hold_antiplatelet_anticoagulation_24h,1,manual,6,
,maintain_bp_below_180_105_post_tpa,1,manual,6,
,monitor_bp_q15min_x2h_then_q30min_x6h,1,manual,6,
,repeat_ct_24h,1,manual,6,
,discontinue_spironolactone,1,manual,6,
,discontinue_ace_inhibitor,1,manual,6,
,give_albumin_1g_kg,1,manual,6,
,discontinue_diuretics,1,manual,6,
,evaluate_for_hepatorenal_syndrome,1,manual,6,
,give_aggressive_ns_200_300ml_h,1,manual,6,
,monitor_urine_output_target_200ml_h,1,manual,6,
,monitor_potassium_q4h,1,manual,6,
,monitor_ck_serial,1,manual,6,
,avoid_nephrotoxins,1,manual,6,
,review_medications,1,manual,6,
,order_lab_potassium,1,manual,5,
,consider_dialysis,1,manual,5,
,hold_arb,1,manual,5,
,hold_ace_inhibitor,1,manual,5,
,stop_serotonergic_agents,1,manual,3,
,give_cyproheptadine,1,manual,3,
,hold_metformin_before_contrast,1,manual,4,
,hold_metformin_48h_post,1,manual,4,
,monitor_drug_levels,1,manual,4,
,hold_nephrotoxin_before_contrast,1,manual,4,
,consider_chest_ct_for_abscess,1,manual,4,
,give_antibiotics_with_anaerobic_coverage,1,manual,4,
,give_supportive_care,1,manual,3,
,plan_reassessment,1,manual,3,
,order_lab_crp,1,manual,3,
,monitor_oxygen_saturation,1,manual,3,
,give_tmp_smx,1,manual,3,
,order_lab_hiv_cd4,1,manual,3,
,order_lab_ldh,1,manual,3,
,give_prednisone_if_pao2_low,1,manual,3,
,order_lab_beta_d_glucan,1,manual,3,
,add_linezolid,1,manual,2,
,add_vancomycin,1,manual,2,
,give_antipseudomonal_beta_lactam,1,manual,2,
,give_iv_beta_blocker_for_rate_control,1,manual,3,
,discuss_contrast_alternatives,1,manual,3,
,use_lowest_contrast_dose,1,manual,3,
,apply_controlled_oxygen_therapy,1,manual,2,
,give_cautious_diuretic,1,manual,2,
,monitor_glucose_closely,1,manual,2,
,give_iv_diuretic,1,manual,2,
,do_not_start_niv_until_pneumothorax_treated,1,manual,3,
,diagnose_pneumothorax,1,manual,3,
,perform_needle_decompression_or_chest_tube,1,manual,3,
,initiate_non_invasive_ventilation,1,manual,3,
,give_dextrose_containing_iv,1,manual,2,
,assess_for_alcoholic_ketoacidosis,1,manual,2,
,order_lab_ethanol_level,1,manual,2,
,give_thiamine_before_glucose,1,manual,2,
,monitor_neurological_status_hourly,1,manual,2,
,elevate_head_of_bed,1,manual,2,
,give_mannitol_or_hypertonic_saline_if_herniation,1,manual,2,
,consider_hemodialysis,1,manual,2,
,order_lab_hba1c,1,manual,2,
,diabetes_education,1,manual,2,
,order_blood_cultures,1,manual,2,
,give_supplemental_oxygen,1,manual,2,
,obstetrics_consult,1,manual,2,
,initiate_fetal_monitoring,1,manual,2,
,place_arterial_line,1,manual,2,
,give_insulin_glucose,1,manual,2,
,give_pcc_or_ffp,1,manual,2,
,plan_anticoag_restart_strategy,1,manual,2,
,give_vitamin_k_low_dose,1,manual,2,
,give_iv_ppi_high_dose,1,manual,2,
,arrange_upper_endoscopy,1,manual,2,
,give_octreotide_or_terlipressin,1,manual,3,
,give_antibiotic_prophylaxis,1,manual,3,
,arrange_emergent_egd,1,manual,3,
,calculate_glasgow_blatchford_score,1,manual,2,
,identify_nsaid_use,1,manual,2,
,optimize_gdmt,1,manual,2,
,reduce_diuretic_dose,1,manual,2,
,assess_orthostatic_vitals,1,manual,2,
,hold_diuretics_if_prerenal,1,manual,2,
,check_bmp,1,manual,2,
,consider_pacemaker_evaluation,1,manual,2,
,reduce_or_hold_beta_blocker,1,manual,2,
,assess_current_medications,1,manual,2,
,check_potassium_before_gdmt,1,manual,2,
,treat_hyperkalemia_first,1,manual,2,
,plan_delivery,1,manual,3,
,give_iv_hydralazine_or_labetalol,1,manual,3,
,start_iv_antihypertensive,1,manual,2,
,target_25_percent_map_reduction_first_hour,1,manual,2,
,reassess_bp_before_tpa,1,manual,3,
,administer_iv_antihypertensive_to_target_185_110,1,manual,3,
,order_lab_plasma_metanephrines,1,manual,3,
,give_phentolamine_or_alpha_blocker,1,manual,3,
,give_iv_labetalol_or_hydralazine,1,manual,1,
,adjust_anticoagulant_dose,1,manual,1,
,give_nitroglycerin,1,manual,1,
,order_lab_urine_drug_screen,1,manual,1,
,give_benzodiazepine,1,manual,1,
,give_ticagrelor,1,manual,1,
,consult_interventional_radiology,1,manual,2,
,start_anticoagulation_heparin,1,manual,2,
,discuss_weight_based_dosing,1,manual,2,
,consult_pharmacy,1,manual,2,
,plan_transition_to_warfarin_with_inr_monitoring,1,manual,2,
,order_lower_extremity_doppler,1,manual,2,
,start_anticoagulation_lmwh,1,manual,2,
,order_imaging_vq_scan_preferred,1,manual,2,
,start_anticoagulation_if_high_probability,1,manual,1,
,give_thrombolytic,1,manual,1,
,give_alteplase_pe,1,manual,1,
,give_benzodiazepine_high_dose,1,manual,1,
,check_antiepileptic_drug_levels,1,manual,1,
,assess_renal_function_before_contrast,1,manual,1,
,verify_allergy_before_antibiotics,1,manual,1,
,give_cautious_fluid_bolus,1,manual,1,
,order_urinalysis,1,manual,1,
,order_lab_cbc_with_diff,1,manual,1,
,give_anti_pseudomonal_antibiotic,1,manual,1,
,assess_need_for_vasopressor,1,manual,1,
,give_alternative_mrsa_coverage,1,manual,1,
,blood_pressure_control,1,manual,1,
,consult_neurosurgery,1,manual,1,
,start_iv_fluid_bolus,1,manual,2,
,assess_ongoing_ischemia,1,manual,1,
,continue_aspirin,1,manual,1,
,document_ticagrelor_timing,1,manual,1,
,assess_antiplatelet_status,1,manual,1,
,plan_cabg_timing_with_washout,1,manual,1,
,identify_cervical_artery_dissection,1,manual,2,
,start_anticoagulation_or_antiplatelet,1,manual,2,
,type_and_screen,1,manual,2,
,stop_tpa_infusion,1,manual,2,
,stat_coagulation_panel,1,manual,2,
,observe_for_improvement,1,manual,2,
,obtain_history_of_seizure,1,manual,2,
,order_eeg_if_available,1,manual,2,
,calculate_chadsvasc,1,manual,1,
,start_doac_preferred,1,manual,1,
,antiplatelet_therapy,1,manual,1,
,calculate_hasbled,1,manual,1,
,statin_therapy,1,manual,1,
,cardiac_monitoring_for_afib,1,manual,1,
,administer_iv_labetalol_or_nicardipine,1,manual,1,
,attempt_bp_reduction,1,manual,1,
,reassess_bp_after_treatment,1,manual,1,
,give_vitamin_k_iv,1,manual,2,
,give_4_factor_pcc,1,manual,2,
,give_glucagon_high_dose,1,manual,1,
,give_high_dose_insulin_euglycemia,1,manual,1,
,give_pralidoxime,1,manual,1,
,serial_troponin_at_3h,1,manual,1,
,give_colchicine_or_corticosteroid,1,manual,2,
,avoid_nsaid_document_reason,1,manual,2,
