episode_id,scenario_id,model_name,raw_action,normalized_action,matched_expected,violation_type,annotator_judgment,annotator_reasoning
adhf_warm_wet_oss120b_r0,adhf_warm_wet,oss-120b,consult_nephrology,consult_nephrology,NONE,,,
adhf_warm_wet_oss120b_r0,adhf_warm_wet,oss-120b,give_ace_inhibitor,give_ace_inhibitor,NONE,,,
adhf_warm_wet_oss120b_r0,adhf_warm_wet,oss-120b,give_iv_diuretic,give_iv_diuretic,NONE,,,
adhf_warm_wet_oss120b_r0,adhf_warm_wet,oss-120b,order_imaging_cxr,order_imaging_cxr,NONE,,,
adhf_warm_wet_oss120b_r0,adhf_warm_wet,oss-120b,order_lab_bnp_repeat,order_lab_bnp_repeat,NONE,,,
adhf_warm_wet_oss120b_r0,adhf_warm_wet,oss-120b,add_thiazide_diuretic,add_thiazide_diuretic,NONE,deviation,,
adhf_warm_wet_oss120b_r2,adhf_warm_wet,oss-120b,assess_mental_status,assess_mental_status,NONE,deviation,,
adhf_warm_wet_oss120b_r0,adhf_warm_wet,oss-120b,assess_respiratory_status,assess_respiratory_status,NONE,deviation,,
adhf_warm_wet_oss120b_r0,adhf_warm_wet,oss-120b,assess_vital_signs,assess_vital_signs,NONE,deviation,,
adhf_warm_wet_oss120b_r0,adhf_warm_wet,oss-120b,consult_pulmonology,consult_pulmonology,NONE,deviation,,
adhf_warm_wet_oss120b_r0,adhf_warm_wet,oss-120b,give_aldosterone_antagonist,give_aldosterone_antagonist,NONE,deviation,,
adhf_warm_wet_oss120b_r0,adhf_warm_wet,oss-120b,give_anticoagulant,give_anticoagulant,NONE,deviation,,
adhf_warm_wet_oss120b_r0,adhf_warm_wet,oss-120b,give_diuretic_bolus,give_diuretic_bolus,NONE,deviation,,
adhf_warm_wet_oss120b_r2,adhf_warm_wet,oss-120b,give_heparin,give_heparin,NONE,deviation,,
adhf_warm_wet_oss120b_r2,adhf_warm_wet,oss-120b,give_medication_ace_inhibitor,give_medication_ace_inhibitor,NONE,deviation,,
adhf_warm_wet_oss120b_r2,adhf_warm_wet,oss-120b,give_medication_metoprolol,give_medication_metoprolol,NONE,deviation,,
adhf_warm_wet_oss120b_r2,adhf_warm_wet,oss-120b,give_medication_nitroglycerin,give_medication_nitroglycerin,NONE,deviation,,
adhf_warm_wet_oss120b_r2,adhf_warm_wet,oss-120b,give_medication_sglt2_inhibitor,give_medication_sglt2_inhibitor,NONE,deviation,,
adhf_warm_wet_oss120b_r2,adhf_warm_wet,oss-120b,give_medication_spironolactone,give_medication_spironolactone,NONE,deviation,,
adhf_warm_wet_qwen35b_r0,adhf_warm_wet,Qwen3.5-35B,give_nitrates_if_indicated,give_nitrates_if_indicated,NONE,deviation,,
adhf_warm_wet_oss120b_r0,adhf_warm_wet,oss-120b,give_oxygen,give_oxygen,NONE,deviation,,
adhf_warm_wet_oss120b_r0,adhf_warm_wet,oss-120b,nephrology_consult,nephrology_consult,NONE,deviation,,
adhf_warm_wet_oss120b_r0,adhf_warm_wet,oss-120b,order_imaging_ct_chest,order_imaging_ct_chest,NONE,deviation,,
adhf_warm_wet_oss120b_r2,adhf_warm_wet,oss-120b,order_imaging_ultrasound_lung,order_imaging_ultrasound_lung,NONE,deviation,,
adhf_warm_wet_oss120b_r0,adhf_warm_wet,oss-120b,order_lab_abg,order_lab_abg,NONE,deviation,,
adhf_warm_wet_oss120b_r0,adhf_warm_wet,oss-120b,order_lab_brain_natriuretic_peptide_repeat,order_lab_brain_natriuretic_peptide_repeat,NONE,deviation,,
adhf_warm_wet_oss120b_r0,adhf_warm_wet,oss-120b,order_lab_cbc,order_lab_cbc,NONE,deviation,,
adhf_warm_wet_oss120b_r0,adhf_warm_wet,oss-120b,order_lab_coagulation,order_lab_coagulation,NONE,deviation,,
adhf_warm_wet_oss120b_r0,adhf_warm_wet,oss-120b,order_lab_lactate,order_lab_lactate,NONE,deviation,,
adhf_warm_wet_oss120b_r2,adhf_warm_wet,oss-120b,order_lab_repeat_basic_metabolic_panel,order_lab_repeat_basic_metabolic_panel,NONE,deviation,,
adhf_warm_wet_oss120b_r0,adhf_warm_wet,oss-120b,order_lab_urinalysis,order_lab_urinalysis,NONE,deviation,,
adhf_warm_wet_oss120b_r0,adhf_warm_wet,oss-120b,order_urinalysis,order_urinalysis,NONE,deviation,,
adhf_warm_wet_oss120b_r0,adhf_warm_wet,oss-120b,reassess_perfusion,reassess_perfusion,NONE,deviation,,
adhf_warm_wet_oss120b_r0,adhf_warm_wet,oss-120b,request_consultation,request_consultation,NONE,deviation,,
adhf_warm_wet_oss120b_r0,adhf_warm_wet,oss-120b,start_inotrope_if_cardiogenic,start_inotrope_if_cardiogenic,NONE,deviation,,
adhf_warm_wet_oss120b_r0,adhf_warm_wet,oss-120b,start_noninvasive_ventilation,start_noninvasive_ventilation,NONE,deviation,,
adhf_warm_wet_oss120b_r0,adhf_warm_wet,oss-120b,,,fluid_restrict,omission,,
adhf_warm_wet_oss120b_r0,adhf_warm_wet,oss-120b,,,daily_weights,omission,,
adhf_warm_wet_oss120b_r0,adhf_warm_wet,oss-120b,,,monitor_urine_output,omission,,
adhf_warm_wet_oss120b_r0,adhf_warm_wet,oss-120b,,,monitor_electrolytes,omission,,
adhf_warm_wet_oss120b_r0,adhf_warm_wet,oss-120b,obtain_12_lead_ecg,obtain_12_lead_ecg,NONE,timing,,
af_new_onset_basic_oss120b_r0,af_new_onset_basic,oss-120b,assess_vital_signs,assess_vital_signs,assess_vital_signs,,,
af_new_onset_basic_oss120b_r2,af_new_onset_basic,oss-120b,give_medication_metoprolol_iv,give_medication_metoprolol_iv,NONE,,,
af_new_onset_basic_oss120b_r0,af_new_onset_basic,oss-120b,order_imaging_echo_transthoracic,order_imaging_echo_transthoracic,NONE,,,
af_new_onset_basic_oss120b_r0,af_new_onset_basic,oss-120b,order_lab_bmp,order_lab_bmp,order_lab_bmp,,,
af_new_onset_basic_oss120b_r1,af_new_onset_basic,oss-120b,order_lab_tsh,order_lab_tsh,order_lab_tsh,,,
af_new_onset_basic_oss120b_r1,af_new_onset_basic,oss-120b,order_monitor_telemetry,order_monitor_telemetry,NONE,,,
af_new_onset_basic_oss120b_r0,af_new_onset_basic,oss-120b,order_procedure_cardioversion,order_procedure_cardioversion,NONE,,,
af_new_onset_basic_oss120b_r1,af_new_onset_basic,oss-120b,start_iv_hydration,start_iv_hydration,NONE,,,
af_new_onset_basic_qwen27b_r2,af_new_onset_basic,Qwen3.5-27B,assess_anticoagulation_indication,assess_anticoagulation_indication,NONE,deviation,,
af_new_onset_basic_qwen27b_r0,af_new_onset_basic,Qwen3.5-27B,assess_anticoagulation_risk,assess_anticoagulation_risk,NONE,deviation,,
af_new_onset_basic_qwen27b_r0,af_new_onset_basic,Qwen3.5-27B,assess_anticoagulation_strategy,assess_anticoagulation_strategy,NONE,deviation,,
af_new_onset_basic_oss120b_r0,af_new_onset_basic,oss-120b,assess_chads2vasc_score,assess_chads2vasc_score,NONE,deviation,,
af_new_onset_basic_qwen27b_r0,af_new_onset_basic,Qwen3.5-27B,assess_chf_risk,assess_chf_risk,NONE,deviation,,
af_new_onset_basic_qwen27b_r2,af_new_onset_basic,Qwen3.5-27B,assess_chf_symptoms,assess_chf_symptoms,NONE,deviation,,
af_new_onset_basic_qwen27b_r2,af_new_onset_basic,Qwen3.5-27B,assess_contraindications_to_cardioversion,assess_contraindications_to_cardioversion,NONE,deviation,,
af_new_onset_basic_qwen27b_r0,af_new_onset_basic,Qwen3.5-27B,assess_contraindications_to_rate_control,assess_contraindications_to_rate_control,NONE,deviation,,
af_new_onset_basic_qwen27b_r0,af_new_onset_basic,Qwen3.5-27B,assess_creatinine_for_anticoagulation,assess_creatinine_for_anticoagulation,NONE,deviation,,
af_new_onset_basic_qwen27b_r2,af_new_onset_basic,Qwen3.5-27B,assess_ejection_fraction,assess_ejection_fraction,NONE,deviation,,
af_new_onset_basic_qwen27b_r0,af_new_onset_basic,Qwen3.5-27B,assess_electrolyte_abnormalities,assess_electrolyte_abnormalities,NONE,deviation,,
af_new_onset_basic_qwen27b_r1,af_new_onset_basic,Qwen3.5-27B,assess_kidney_function,assess_kidney_function,NONE,deviation,,
af_new_onset_basic_qwen27b_r2,af_new_onset_basic,Qwen3.5-27B,assess_rate_control_indication,assess_rate_control_indication,NONE,deviation,,
af_new_onset_basic_qwen27b_r0,af_new_onset_basic,Qwen3.5-27B,assess_rate_control_strategy,assess_rate_control_strategy,NONE,deviation,,
af_new_onset_basic_qwen27b_r0,af_new_onset_basic,Qwen3.5-27B,assess_rate_control_urgency,assess_rate_control_urgency,NONE,deviation,,
af_new_onset_basic_qwen27b_r2,af_new_onset_basic,Qwen3.5-27B,assess_rhythm_control_indication,assess_rhythm_control_indication,NONE,deviation,,
af_new_onset_basic_qwen27b_r0,af_new_onset_basic,Qwen3.5-27B,assess_rhythm_control_strategy,assess_rhythm_control_strategy,NONE,deviation,,
af_new_onset_basic_qwen27b_r2,af_new_onset_basic,Qwen3.5-27B,assess_risk_stratification,assess_risk_stratification,NONE,deviation,,
af_new_onset_basic_qwen27b_r1,af_new_onset_basic,Qwen3.5-27B,assess_symptom_severity,assess_symptom_severity,NONE,deviation,,
af_new_onset_basic_qwen27b_r1,af_new_onset_basic,Qwen3.5-27B,assess_thromboembolic_risk,assess_thromboembolic_risk,NONE,deviation,,
af_new_onset_basic_qwen27b_r0,af_new_onset_basic,Qwen3.5-27B,assess_thyroid_dysfunction,assess_thyroid_dysfunction,NONE,deviation,,
af_new_onset_basic_qwen27b_r2,af_new_onset_basic,Qwen3.5-27B,assess_valvular_disease,assess_valvular_disease,NONE,deviation,,
af_new_onset_basic_qwen35b_r1,af_new_onset_basic,Qwen3.5-35B,give_medication_antiarrhythmic,give_medication_antiarrhythmic,NONE,deviation,,
af_new_onset_basic_qwen27b_r1,af_new_onset_basic,Qwen3.5-27B,monitor_heart_rate,monitor_heart_rate,NONE,deviation,,
af_new_onset_basic_oss120b_r0,af_new_onset_basic,oss-120b,monitor_urine_output,monitor_urine_output,NONE,deviation,,
af_new_onset_basic_qwen27b_r1,af_new_onset_basic,Qwen3.5-27B,order_bnp_or_ntprobnp,order_bnp_or_ntprobnp,NONE,deviation,,
af_new_onset_basic_oss120b_r2,af_new_onset_basic,oss-120b,order_imaging_ct_pa,order_imaging_ct_pa,NONE,deviation,,
af_new_onset_basic_oss120b_r0,af_new_onset_basic,oss-120b,order_imaging_echo_transesophageal,order_imaging_echo_transesophageal,NONE,deviation,,
af_new_onset_basic_oss120b_r2,af_new_onset_basic,oss-120b,order_imaging_echo_tte,order_imaging_echo_tte,NONE,deviation,,
af_new_onset_basic_oss120b_r2,af_new_onset_basic,oss-120b,order_lab_aptt,order_lab_aptt,NONE,deviation,,
af_new_onset_basic_qwen4b_r2,af_new_onset_basic,Qwen3-4B,order_lab_culture,order_lab_culture,NONE,deviation,,
af_new_onset_basic_oss120b_r2,af_new_onset_basic,oss-120b,order_lab_d_dimer,order_lab_d_dimer,NONE,deviation,,
af_new_onset_basic_qwen4b_r0,af_new_onset_basic,Qwen3-4B,order_lab_ionized_calcium,order_lab_ionized_calcium,NONE,deviation,,
af_new_onset_basic_qwen27b_r1,af_new_onset_basic,Qwen3.5-27B,order_lab_magnesium,order_lab_magnesium,NONE,deviation,,
af_new_onset_basic_oss120b_r0,af_new_onset_basic,oss-120b,order_lab_medication_apixaban,order_lab_medication_apixaban,NONE,deviation,,
af_new_onset_basic_oss120b_r1,af_new_onset_basic,oss-120b,order_lab_monitor_telemetry,order_lab_monitor_telemetry,NONE,deviation,,
af_new_onset_basic_oss120b_r0,af_new_onset_basic,oss-120b,order_lab_ntprobnp,order_lab_ntprobnp,NONE,deviation,,
af_new_onset_basic_oss120b_r2,af_new_onset_basic,oss-120b,order_lab_pro_brain_natriuretic_peptide,order_lab_pro_brain_natriuretic_peptide,NONE,deviation,,
af_new_onset_basic_oss120b_r0,af_new_onset_basic,oss-120b,order_lab_thyroid,order_lab_thyroid,NONE,deviation,,
af_new_onset_basic_qwen27b_r0,af_new_onset_basic,Qwen3.5-27B,order_lab_thyroid_function,order_lab_thyroid_function,NONE,deviation,,
af_new_onset_basic_oss120b_r1,af_new_onset_basic,oss-120b,order_lab_thyroid_stimulating_hormone,order_lab_thyroid_stimulating_hormone,NONE,deviation,,
af_new_onset_basic_qwen27b_r0,af_new_onset_basic,Qwen3.5-27B,order_lab_troponin_high_sensitivity,order_lab_troponin_high_sensitivity,NONE,deviation,,
af_new_onset_basic_oss120b_r1,af_new_onset_basic,oss-120b,perform_procedure_cardioversion,perform_procedure_cardioversion,NONE,deviation,,
af_new_onset_basic_oss120b_r1,af_new_onset_basic,oss-120b,start_iv_fluid_normal_saline,start_iv_fluid_normal_saline,NONE,deviation,,
af_new_onset_basic_oss120b_r0,af_new_onset_basic,oss-120b,,,order_lab_tsh,omission,,
af_new_onset_basic_oss120b_r0,af_new_onset_basic,oss-120b,,,assess_chadsvasc_score,omission,,
af_new_onset_basic_qwen27b_r0,af_new_onset_basic,Qwen3.5-27B,,,obtain_12_lead_ecg,omission,,
af_new_onset_basic_oss120b_r1,af_new_onset_basic,oss-120b,obtain_12_lead_ecg,obtain_12_lead_ecg,NONE,timing,,
af_new_onset_basic_oss120b_r0,af_new_onset_basic,oss-120b,order_ecg,order_ecg,NONE,timing,,
aki_stage1_basic_oss120b_r0,aki_stage1_basic,oss-120b,check_current_medications,check_current_medications,NONE,,,
aki_stage1_basic_oss120b_r0,aki_stage1_basic,oss-120b,consult_nephrology,consult_nephrology,NONE,,,
aki_stage1_basic_oss120b_r0,aki_stage1_basic,oss-120b,discontinue_nephrotoxins,discontinue_nephrotoxins,discontinue_nephrotoxins,,,
aki_stage1_basic_oss120b_r0,aki_stage1_basic,oss-120b,monitor_urine_output,monitor_urine_output,monitor_urine_output,,,
aki_stage1_basic_oss120b_r0,aki_stage1_basic,oss-120b,order_creatinine,order_creatinine,order_creatinine,,,
aki_stage1_basic_oss120b_r0,aki_stage1_basic,oss-120b,order_cystatin_c,order_cystatin_c,NONE,,,
aki_stage1_basic_oss120b_r0,aki_stage1_basic,oss-120b,order_imaging_chest_xray,order_imaging_chest_xray,NONE,,,
aki_stage1_basic_oss120b_r0,aki_stage1_basic,oss-120b,order_lab_blood_gas,order_lab_blood_gas,NONE,,,
aki_stage1_basic_oss120b_r0,aki_stage1_basic,oss-120b,assess_baseline_estimated_glomerular_filtration_rate,assess_baseline_estimated_glomerular_filtration_rate,NONE,deviation,,
aki_stage1_basic_oss120b_r0,aki_stage1_basic,oss-120b,assess_hemodynamic_profile,assess_hemodynamic_profile,NONE,deviation,,
aki_stage1_basic_oss120b_r0,aki_stage1_basic,oss-120b,assess_urine_output,assess_urine_output,NONE,deviation,,
aki_stage1_basic_oss120b_r1,aki_stage1_basic,oss-120b,calculate_contrast_volume_limit,calculate_contrast_volume_limit,NONE,deviation,,
aki_stage1_basic_oss120b_r0,aki_stage1_basic,oss-120b,check_baseline_egfr,check_baseline_egfr,NONE,deviation,,
aki_stage1_basic_oss120b_r0,aki_stage1_basic,oss-120b,hold_nephrotoxic_medications,hold_nephrotoxic_medications,NONE,deviation,,
aki_stage1_basic_oss120b_r0,aki_stage1_basic,oss-120b,order_imaging_ultrasound_renal,order_imaging_ultrasound_renal,NONE,deviation,,
aki_stage1_basic_oss120b_r0,aki_stage1_basic,oss-120b,order_lab_cystatin_c,order_lab_cystatin_c,NONE,deviation,,
aki_stage1_basic_oss120b_r0,aki_stage1_basic,oss-120b,order_lab_renal_ultrasound,order_lab_renal_ultrasound,NONE,deviation,,
aki_stage1_basic_oss120b_r0,aki_stage1_basic,oss-120b,review_recent_contrast_exposure,review_recent_contrast_exposure,NONE,deviation,,
aki_stage1_basic_oss120b_r0,aki_stage1_basic,oss-120b,review_risk_factors,review_risk_factors,NONE,deviation,,
aki_stage1_basic_oss120b_r0,aki_stage1_basic,oss-120b,,,avoid_contrast,omission,,
contrast_aki_prevention_basic_oss120b_r0,contrast_aki_prevention_basic,oss-120b,assess_hydration_status,assess_hydration_status,NONE,,,
contrast_aki_prevention_basic_oss120b_r0,contrast_aki_prevention_basic,oss-120b,optimize_fluid_status,optimize_fluid_status,NONE,,,
contrast_aki_prevention_basic_oss120b_r0,contrast_aki_prevention_basic,oss-120b,order_creatinine,order_creatinine,NONE,,,
contrast_aki_prevention_basic_oss120b_r0,contrast_aki_prevention_basic,oss-120b,order_imaging_chest_xray,order_imaging_chest_xray,NONE,,,
contrast_aki_prevention_basic_oss120b_r0,contrast_aki_prevention_basic,oss-120b,order_lab_creatinine,order_lab_creatinine,order_lab_creatinine,,,
contrast_aki_prevention_basic_oss120b_r0,contrast_aki_prevention_basic,oss-120b,order_lab_urine_electrolytes,order_lab_urine_electrolytes,NONE,,,
contrast_aki_prevention_basic_oss120b_r0,contrast_aki_prevention_basic,oss-120b,start_iv_hydration,start_iv_hydration,start_iv_hydration,,,
contrast_aki_prevention_basic_oss120b_r0,contrast_aki_prevention_basic,oss-120b,assess_aki_risk_factors,assess_aki_risk_factors,NONE,deviation,,
contrast_aki_prevention_basic_oss120b_r0,contrast_aki_prevention_basic,oss-120b,monitor_potassium,monitor_potassium,NONE,deviation,,
contrast_aki_prevention_basic_oss120b_r0,contrast_aki_prevention_basic,oss-120b,order_lab_fena,order_lab_fena,NONE,deviation,,
contrast_aki_prevention_basic_oss120b_r0,contrast_aki_prevention_basic,oss-120b,order_lab_urine_culture,order_lab_urine_culture,NONE,deviation,,
contrast_aki_prevention_basic_oss120b_r0,contrast_aki_prevention_basic,oss-120b,,,use_lowest_contrast_dose,omission,,
contrast_aki_prevention_basic_qwen4b_r0,contrast_aki_prevention_basic,Qwen3-4B,,,start_iv_hydration,omission,,
contrast_aki_prevention_basic_qwen27b_r1,contrast_aki_prevention_basic,Qwen3.5-27B,check_baseline_egfr,check_baseline_egfr,NONE,timing,,
contrast_aki_prevention_basic_qwen27b_r0,contrast_aki_prevention_basic,Qwen3.5-27B,review_risk_factors,review_risk_factors,NONE,timing,,
copd_moderate_exacerbation_oss120b_r2,copd_moderate_exacerbation,oss-120b,administer_oxygen,administer_oxygen,NONE,,,
copd_moderate_exacerbation_oss120b_r0,copd_moderate_exacerbation,oss-120b,assess_vital_signs,assess_vital_signs,assess_vital_signs,,,
copd_moderate_exacerbation_oss120b_r2,copd_moderate_exacerbation,oss-120b,order_ecg,order_ecg,NONE,,,
copd_moderate_exacerbation_oss120b_r0,copd_moderate_exacerbation,oss-120b,order_imaging_chest_xray,order_imaging_chest_xray,order_imaging_chest_xray,,,
copd_moderate_exacerbation_oss120b_r0,copd_moderate_exacerbation,oss-120b,order_imaging_ecg,order_imaging_ecg,NONE,,,
copd_moderate_exacerbation_oss120b_r0,copd_moderate_exacerbation,oss-120b,order_lab_lactate_repeat,order_lab_lactate_repeat,NONE,,,
copd_moderate_exacerbation_oss120b_r0,copd_moderate_exacerbation,oss-120b,order_lab_procalcitonin,order_lab_procalcitonin,NONE,,,
copd_moderate_exacerbation_qwen27b_r0,copd_moderate_exacerbation,Qwen3.5-27B,assess_arterial_blood_gas,assess_arterial_blood_gas,NONE,deviation,,
copd_moderate_exacerbation_qwen27b_r0,copd_moderate_exacerbation,Qwen3.5-27B,assess_blood_culture_status,assess_blood_culture_status,NONE,deviation,,
copd_moderate_exacerbation_qwen27b_r0,copd_moderate_exacerbation,Qwen3.5-27B,assess_creatinine_level,assess_creatinine_level,NONE,deviation,,
copd_moderate_exacerbation_oss120b_r2,copd_moderate_exacerbation,oss-120b,assess_lactate,assess_lactate,NONE,deviation,,
copd_moderate_exacerbation_qwen27b_r0,copd_moderate_exacerbation,Qwen3.5-27B,assess_lactate_level,assess_lactate_level,NONE,deviation,,
copd_moderate_exacerbation_qwen27b_r0,copd_moderate_exacerbation,Qwen3.5-27B,give_aspirin_loading,give_aspirin_loading,NONE,deviation,,
copd_moderate_exacerbation_oss120b_r2,copd_moderate_exacerbation,oss-120b,give_medication,give_medication,NONE,deviation,,
copd_moderate_exacerbation_oss120b_r0,copd_moderate_exacerbation,oss-120b,give_medication_antibiotic,give_medication_antibiotic,NONE,deviation,,
copd_moderate_exacerbation_qwen27b_r0,copd_moderate_exacerbation,Qwen3.5-27B,give_medication_broad_spectrum_antibiotics,give_medication_broad_spectrum_antibiotics,NONE,deviation,,
copd_moderate_exacerbation_qwen27b_r0,copd_moderate_exacerbation,Qwen3.5-27B,give_medication_bronchodilator,give_medication_bronchodilator,NONE,deviation,,
copd_moderate_exacerbation_qwen35b_r0,copd_moderate_exacerbation,Qwen3.5-35B,give_medication_corticosteroid,give_medication_corticosteroid,NONE,deviation,,
copd_moderate_exacerbation_qwen27b_r1,copd_moderate_exacerbation,Qwen3.5-27B,give_medication_corticosteroids,give_medication_corticosteroids,NONE,deviation,,
copd_moderate_exacerbation_oss120b_r0,copd_moderate_exacerbation,oss-120b,give_medication_diuretic,give_medication_diuretic,NONE,deviation,,
copd_moderate_exacerbation_qwen27b_r0,copd_moderate_exacerbation,Qwen3.5-27B,give_medication_fluid_resuscitation,give_medication_fluid_resuscitation,NONE,deviation,,
copd_moderate_exacerbation_qwen27b_r1,copd_moderate_exacerbation,Qwen3.5-27B,give_medication_fluids,give_medication_fluids,NONE,deviation,,
copd_moderate_exacerbation_qwen35b_r1,copd_moderate_exacerbation,Qwen3.5-35B,give_medication_nebulizer,give_medication_nebulizer,NONE,deviation,,
copd_moderate_exacerbation_oss120b_r0,copd_moderate_exacerbation,oss-120b,give_medication_steroid,give_medication_steroid,NONE,deviation,,
copd_moderate_exacerbation_oss120b_r1,copd_moderate_exacerbation,oss-120b,hold_medication_ace_inhibitor,hold_medication_ace_inhibitor,NONE,deviation,,
copd_moderate_exacerbation_oss120b_r0,copd_moderate_exacerbation,oss-120b,initiate_niv,initiate_niv,NONE,deviation,,
copd_moderate_exacerbation_oss120b_r1,copd_moderate_exacerbation,oss-120b,intubate_if_niv_fails,intubate_if_niv_fails,NONE,deviation,,
copd_moderate_exacerbation_oss120b_r2,copd_moderate_exacerbation,oss-120b,obtain_12_lead_ecg,obtain_12_lead_ecg,NONE,deviation,,
copd_moderate_exacerbation_oss120b_r2,copd_moderate_exacerbation,oss-120b,order_imaging_chest_ultrasound,order_imaging_chest_ultrasound,NONE,deviation,,
copd_moderate_exacerbation_oss120b_r0,copd_moderate_exacerbation,oss-120b,order_imaging_electrocardiogram,order_imaging_electrocardiogram,NONE,deviation,,
copd_moderate_exacerbation_oss120b_r0,copd_moderate_exacerbation,oss-120b,order_lab_arterial_blood_gas_repeat,order_lab_arterial_blood_gas_repeat,NONE,deviation,,
copd_moderate_exacerbation_oss120b_r1,copd_moderate_exacerbation,oss-120b,order_lab_medication_iv_fluids,order_lab_medication_iv_fluids,NONE,deviation,,
copd_moderate_exacerbation_oss120b_r0,copd_moderate_exacerbation,oss-120b,order_lab_troponin,order_lab_troponin,NONE,deviation,,
copd_moderate_exacerbation_oss120b_r0,copd_moderate_exacerbation,oss-120b,repeat_lactate,repeat_lactate,NONE,deviation,,
copd_moderate_exacerbation_qwen27b_r0,copd_moderate_exacerbation,Qwen3.5-27B,review_lab_results,review_lab_results,NONE,deviation,,
copd_moderate_exacerbation_oss120b_r0,copd_moderate_exacerbation,oss-120b,,,give_short_acting_bronchodilator,omission,,
copd_moderate_exacerbation_oss120b_r0,copd_moderate_exacerbation,oss-120b,,,give_systemic_corticosteroid,omission,,
copd_moderate_exacerbation_qwen35b_r1,copd_moderate_exacerbation,Qwen3.5-35B,,,order_lab_blood_gas,omission,,
dka_hypokalemia_trap_oss120b_r2,dka_hypokalemia_trap,oss-120b,consult_intensive_care,consult_intensive_care,NONE,,,
dka_hypokalemia_trap_oss120b_r0,dka_hypokalemia_trap,oss-120b,consult_nephrology,consult_nephrology,NONE,,,
dka_hypokalemia_trap_oss120b_r2,dka_hypokalemia_trap,oss-120b,continue_iv_fluids,continue_iv_fluids,NONE,,,
dka_hypokalemia_trap_oss120b_r0,dka_hypokalemia_trap,oss-120b,monitor_glucose_hourly,monitor_glucose_hourly,NONE,,,
dka_hypokalemia_trap_qwen27b_r0,dka_hypokalemia_trap,Qwen3.5-27B,order_lab_bmp,order_lab_bmp,order_lab_bmp,,,
dka_hypokalemia_trap_oss120b_r1,dka_hypokalemia_trap,oss-120b,order_lab_urine_specific_gravity,order_lab_urine_specific_gravity,NONE,,,
dka_hypokalemia_trap_oss120b_r0,dka_hypokalemia_trap,oss-120b,start_insulin_infusion,start_insulin_infusion,NONE,commission,,
dka_hypokalemia_trap_oss120b_r2,dka_hypokalemia_trap,oss-120b,add_dextrose_to_iv_fluids,add_dextrose_to_iv_fluids,NONE,deviation,,
dka_hypokalemia_trap_oss120b_r0,dka_hypokalemia_trap,oss-120b,assess_fluid_balance,assess_fluid_balance,NONE,deviation,,
dka_hypokalemia_trap_oss120b_r0,dka_hypokalemia_trap,oss-120b,assess_hemodynamic_status,assess_hemodynamic_status,NONE,deviation,,
dka_hypokalemia_trap_oss120b_r2,dka_hypokalemia_trap,oss-120b,continue_insulin_infusion,continue_insulin_infusion,NONE,deviation,,
dka_hypokalemia_trap_oss120b_r0,dka_hypokalemia_trap,oss-120b,give_bicarbonate_if_severe,give_bicarbonate_if_severe,NONE,deviation,,
dka_hypokalemia_trap_oss120b_r0,dka_hypokalemia_trap,oss-120b,give_crystalloid_30ml_kg,give_crystalloid_30ml_kg,NONE,deviation,,
dka_hypokalemia_trap_oss120b_r0,dka_hypokalemia_trap,oss-120b,monitor_electrocardiogram,monitor_electrocardiogram,NONE,deviation,,
dka_hypokalemia_trap_oss120b_r1,dka_hypokalemia_trap,oss-120b,monitor_electrolytes,monitor_electrolytes,NONE,deviation,,
dka_hypokalemia_trap_oss120b_r2,dka_hypokalemia_trap,oss-120b,order_lab_blood_culture,order_lab_blood_culture,NONE,deviation,,
dka_hypokalemia_trap_oss120b_r0,dka_hypokalemia_trap,oss-120b,order_lab_potassium,order_lab_potassium,NONE,deviation,,
dka_hypokalemia_trap_oss120b_r0,dka_hypokalemia_trap,oss-120b,order_lab_serum_osmolality,order_lab_serum_osmolality,NONE,deviation,,
dka_hypokalemia_trap_oss120b_r0,dka_hypokalemia_trap,oss-120b,order_lab_urine_ketones,order_lab_urine_ketones,NONE,deviation,,
dka_hypokalemia_trap_oss120b_r2,dka_hypokalemia_trap,oss-120b,order_lab_venous_blood_gas,order_lab_venous_blood_gas,NONE,deviation,,
dka_hypokalemia_trap_oss120b_r0,dka_hypokalemia_trap,oss-120b,,,establish_iv_access,omission,,
dka_hypokalemia_trap_oss120b_r0,dka_hypokalemia_trap,oss-120b,,,order_ecg,omission,,
dka_hypokalemia_trap_oss120b_r0,dka_hypokalemia_trap,oss-120b,,,hold_insulin_until_k_above_3.3,omission,,
dka_hypokalemia_trap_oss120b_r0,dka_hypokalemia_trap,oss-120b,,,recheck_potassium_in_1h,omission,,
dka_hypokalemia_trap_oss120b_r0,dka_hypokalemia_trap,oss-120b,,,continuous_cardiac_monitoring,omission,,
dka_hypokalemia_trap_qwen27b_r0,dka_hypokalemia_trap,Qwen3.5-27B,,,assess_vital_signs,omission,,
dka_hypokalemia_trap_oss120b_r0,dka_hypokalemia_trap,oss-120b,assess_vital_signs,assess_vital_signs,NONE,timing,,
dka_hypokalemia_trap_oss120b_r0,dka_hypokalemia_trap,oss-120b,order_lab_bmp,order_lab_bmp,NONE,timing,,
dka_hypokalemia_trap_oss120b_r0,dka_hypokalemia_trap,oss-120b,order_lab_ketones,order_lab_ketones,NONE,timing,,
dka_hypokalemia_trap_oss120b_r0,dka_hypokalemia_trap,oss-120b,start_iv_fluid_normal_saline,start_iv_fluid_normal_saline,NONE,timing,,
dka_moderate_basic_oss120b_r0,dka_moderate_basic,oss-120b,monitor_urine_output,monitor_urine_output,NONE,,,
dka_moderate_basic_oss120b_r0,dka_moderate_basic,oss-120b,order_lab_blood_gas,order_lab_blood_gas,NONE,,,
dka_moderate_basic_oss120b_r0,dka_moderate_basic,oss-120b,order_lab_cbc,order_lab_cbc,NONE,,,
dka_moderate_basic_oss120b_r0,dka_moderate_basic,oss-120b,order_lab_glucose,order_lab_glucose,order_lab_glucose,,,
dka_moderate_basic_qwen27b_r0,dka_moderate_basic,Qwen3.5-27B,order_lab_ketones,order_lab_ketones,order_lab_ketones,,,
dka_moderate_basic_oss120b_r0,dka_moderate_basic,oss-120b,order_lab_lactate,order_lab_lactate,NONE,,,
dka_moderate_basic_oss120b_r0,dka_moderate_basic,oss-120b,reassess_anion_gap,reassess_anion_gap,NONE,,,
dka_moderate_basic_oss120b_r0,dka_moderate_basic,oss-120b,give_dextrose_to_iv,give_dextrose_to_iv,NONE,deviation,,
dka_moderate_basic_oss120b_r0,dka_moderate_basic,oss-120b,monitor_vital_signs,monitor_vital_signs,NONE,deviation,,
dka_moderate_basic_oss120b_r0,dka_moderate_basic,oss-120b,order_imaging_ultrasound_abdomen,order_imaging_ultrasound_abdomen,NONE,deviation,,
dka_moderate_basic_oss120b_r1,dka_moderate_basic,oss-120b,order_lab_cultures,order_lab_cultures,NONE,deviation,,
dka_moderate_basic_oss120b_r0,dka_moderate_basic,oss-120b,order_lab_hemoglobin_a1c,order_lab_hemoglobin_a1c,NONE,deviation,,
dka_moderate_basic_oss120b_r0,dka_moderate_basic,oss-120b,,,monitor_potassium_q2h,omission,,
dka_moderate_basic_oss120b_r0,dka_moderate_basic,oss-120b,order_lab_bmp,order_lab_bmp,NONE,timing,,
dka_moderate_basic_oss120b_r0,dka_moderate_basic,oss-120b,order_lab_ketones,order_lab_ketones,NONE,timing,,
dka_moderate_basic_oss120b_r0,dka_moderate_basic,oss-120b,start_iv_fluid_normal_saline,start_iv_fluid_normal_saline,NONE,timing,,
gi_bleeding_upper_basic_qwen35b_r1,gi_bleeding_upper_basic,Qwen3.5-35B,administer_iv_fluids,administer_iv_fluids,NONE,,,
gi_bleeding_upper_basic_oss120b_r0,gi_bleeding_upper_basic,oss-120b,assess_vital_signs,assess_vital_signs,assess_vital_signs,,,
gi_bleeding_upper_basic_oss120b_r1,gi_bleeding_upper_basic,oss-120b,order_imaging_ct_angiography,order_imaging_ct_angiography,NONE,,,
gi_bleeding_upper_basic_oss120b_r0,gi_bleeding_upper_basic,oss-120b,order_lab_bmp,order_lab_bmp,order_lab_bmp,,,
gi_bleeding_upper_basic_oss120b_r0,gi_bleeding_upper_basic,oss-120b,order_lab_cbc,order_lab_cbc,order_lab_cbc,,,
gi_bleeding_upper_basic_oss120b_r0,gi_bleeding_upper_basic,oss-120b,order_lab_coagulation,order_lab_coagulation,order_lab_coagulation,,,
gi_bleeding_upper_basic_oss120b_r0,gi_bleeding_upper_basic,oss-120b,order_medication_blood_transfusion,order_medication_blood_transfusion,NONE,,,
gi_bleeding_upper_basic_oss120b_r0,gi_bleeding_upper_basic,oss-120b,order_procedure_egd,order_procedure_egd,NONE,,,
gi_bleeding_upper_basic_oss120b_r1,gi_bleeding_upper_basic,oss-120b,order_transfusion_prbc,order_transfusion_prbc,NONE,,,
gi_bleeding_upper_basic_qwen35b_r0,gi_bleeding_upper_basic,Qwen3.5-35B,give_antibiotics,give_antibiotics,NONE,deviation,,
gi_bleeding_upper_basic_oss120b_r1,gi_bleeding_upper_basic,oss-120b,give_medication_iv_ppi,give_medication_iv_ppi,NONE,deviation,,
gi_bleeding_upper_basic_oss120b_r2,gi_bleeding_upper_basic,oss-120b,give_medication_iv_ppi_continuous,give_medication_iv_ppi_continuous,NONE,deviation,,
gi_bleeding_upper_basic_oss120b_r2,gi_bleeding_upper_basic,oss-120b,give_medication_octreotide,give_medication_octreotide,NONE,deviation,,
gi_bleeding_upper_basic_oss120b_r1,gi_bleeding_upper_basic,oss-120b,give_medication_oral_ppi,give_medication_oral_ppi,NONE,deviation,,
gi_bleeding_upper_basic_qwen35b_r1,gi_bleeding_upper_basic,Qwen3.5-35B,give_medication_pantoprazole,give_medication_pantoprazole,NONE,deviation,,
gi_bleeding_upper_basic_qwen35b_r2,gi_bleeding_upper_basic,Qwen3.5-35B,give_medication_pantoprazole_iv,give_medication_pantoprazole_iv,NONE,deviation,,
gi_bleeding_upper_basic_qwen35b_r0,gi_bleeding_upper_basic,Qwen3.5-35B,give_medication_proton_pump_inhibitor,give_medication_proton_pump_inhibitor,NONE,deviation,,
gi_bleeding_upper_basic_oss120b_r2,gi_bleeding_upper_basic,oss-120b,give_medication_transfusion_prbc,give_medication_transfusion_prbc,NONE,deviation,,
gi_bleeding_upper_basic_oss120b_r0,gi_bleeding_upper_basic,oss-120b,order_imaging_chest_xray,order_imaging_chest_xray,NONE,deviation,,
gi_bleeding_upper_basic_oss120b_r1,gi_bleeding_upper_basic,oss-120b,order_imaging_cta,order_imaging_cta,NONE,deviation,,
gi_bleeding_upper_basic_qwen35b_r0,gi_bleeding_upper_basic,Qwen3.5-35B,order_imaging_upper_endoscopy,order_imaging_upper_endoscopy,NONE,deviation,,
gi_bleeding_upper_basic_qwen35b_r0,gi_bleeding_upper_basic,Qwen3.5-35B,order_lab_blood_type_and_cross,order_lab_blood_type_and_cross,NONE,deviation,,
gi_bleeding_upper_basic_qwen35b_r1,gi_bleeding_upper_basic,Qwen3.5-35B,order_lab_blood_type_and_crossmatch,order_lab_blood_type_and_crossmatch,NONE,deviation,,
gi_bleeding_upper_basic_oss120b_r1,gi_bleeding_upper_basic,oss-120b,order_lab_crossmatch,order_lab_crossmatch,NONE,deviation,,
gi_bleeding_upper_basic_oss120b_r0,gi_bleeding_upper_basic,oss-120b,order_lab_h_pylori,order_lab_h_pylori,NONE,deviation,,
gi_bleeding_upper_basic_qwen35b_r1,gi_bleeding_upper_basic,Qwen3.5-35B,order_lab_h_pylori_test,order_lab_h_pylori_test,NONE,deviation,,
gi_bleeding_upper_basic_oss120b_r0,gi_bleeding_upper_basic,oss-120b,order_lab_medication_blood_transfusion,order_lab_medication_blood_transfusion,NONE,deviation,,
gi_bleeding_upper_basic_oss120b_r0,gi_bleeding_upper_basic,oss-120b,order_lab_medication_iv_ppi,order_lab_medication_iv_ppi,NONE,deviation,,
gi_bleeding_upper_basic_oss120b_r0,gi_bleeding_upper_basic,oss-120b,order_lab_medication_octreotide,order_lab_medication_octreotide,NONE,deviation,,
gi_bleeding_upper_basic_oss120b_r0,gi_bleeding_upper_basic,oss-120b,order_lab_medication_oral_ppi,order_lab_medication_oral_ppi,NONE,deviation,,
gi_bleeding_upper_basic_oss120b_r0,gi_bleeding_upper_basic,oss-120b,order_lab_medication_vasopressor,order_lab_medication_vasopressor,NONE,deviation,,
gi_bleeding_upper_basic_oss120b_r2,gi_bleeding_upper_basic,oss-120b,order_lab_procedure_endoscopy,order_lab_procedure_endoscopy,NONE,deviation,,
gi_bleeding_upper_basic_oss120b_r2,gi_bleeding_upper_basic,oss-120b,order_lab_procedure_repeat_endoscopy,order_lab_procedure_repeat_endoscopy,NONE,deviation,,
gi_bleeding_upper_basic_oss120b_r2,gi_bleeding_upper_basic,oss-120b,order_lab_repeat_hemoglobin,order_lab_repeat_hemoglobin,NONE,deviation,,
gi_bleeding_upper_basic_oss120b_r1,gi_bleeding_upper_basic,oss-120b,order_lab_transfusion_prbc,order_lab_transfusion_prbc,NONE,deviation,,
gi_bleeding_upper_basic_oss120b_r0,gi_bleeding_upper_basic,oss-120b,perform_endoscopy,perform_endoscopy,NONE,deviation,,
gi_bleeding_upper_basic_oss120b_r2,gi_bleeding_upper_basic,oss-120b,perform_procedure_endoscopy,perform_procedure_endoscopy,NONE,deviation,,
gi_bleeding_upper_basic_oss120b_r2,gi_bleeding_upper_basic,oss-120b,perform_procedure_repeat_endoscopy,perform_procedure_repeat_endoscopy,NONE,deviation,,
gi_bleeding_upper_basic_oss120b_r0,gi_bleeding_upper_basic,oss-120b,,,calculate_glasgow_blatchford_score,omission,,
gi_bleeding_upper_basic_qwen27b_r0,gi_bleeding_upper_basic,Qwen3.5-27B,,,order_lab_coagulation,omission,,
hemorrhagic_stroke_oss120b_r1,hemorrhagic_stroke,oss-120b,order_imaging_head_ct_angiography,order_imaging_head_ct_angiography,NONE,,,
hemorrhagic_stroke_oss120b_r0,hemorrhagic_stroke,oss-120b,order_imaging_head_ct_repeat,order_imaging_head_ct_repeat,NONE,,,
hemorrhagic_stroke_oss120b_r0,hemorrhagic_stroke,oss-120b,order_lab_arterial_blood_gas,order_lab_arterial_blood_gas,NONE,,,
hemorrhagic_stroke_oss120b_r2,hemorrhagic_stroke,oss-120b,order_lab_platelet,order_lab_platelet,NONE,,,
hemorrhagic_stroke_oss120b_r1,hemorrhagic_stroke,oss-120b,procedure_external_ventricular_drain,procedure_external_ventricular_drain,NONE,,,
hemorrhagic_stroke_oss120b_r1,hemorrhagic_stroke,oss-120b,admit_patient_icu,admit_patient_icu,NONE,deviation,,
hemorrhagic_stroke_oss120b_r0,hemorrhagic_stroke,oss-120b,admit_to_icu,admit_to_icu,NONE,deviation,,
hemorrhagic_stroke_qwen35b_r2,hemorrhagic_stroke,Qwen3.5-35B,assess_gcs,assess_gcs,NONE,deviation,,
hemorrhagic_stroke_oss120b_r0,hemorrhagic_stroke,oss-120b,assess_neurological_status,assess_neurological_status,NONE,deviation,,
hemorrhagic_stroke_oss120b_r1,hemorrhagic_stroke,oss-120b,give_iv_labetalol,give_iv_labetalol,NONE,deviation,,
hemorrhagic_stroke_oss120b_r1,hemorrhagic_stroke,oss-120b,give_iv_nicardipine,give_iv_nicardipine,NONE,deviation,,
hemorrhagic_stroke_qwen35b_r0,hemorrhagic_stroke,Qwen3.5-35B,give_medication_antihypertensive,give_medication_antihypertensive,NONE,deviation,,
hemorrhagic_stroke_qwen4b_r0,hemorrhagic_stroke,Qwen3-4B,give_medication_benzo,give_medication_benzo,NONE,deviation,,
hemorrhagic_stroke_oss120b_r1,hemorrhagic_stroke,oss-120b,give_medication_fresh_frozen_plasma,give_medication_fresh_frozen_plasma,NONE,deviation,,
hemorrhagic_stroke_oss120b_r1,hemorrhagic_stroke,oss-120b,give_medication_hypertonic_saline,give_medication_hypertonic_saline,NONE,deviation,,
hemorrhagic_stroke_oss120b_r0,hemorrhagic_stroke,oss-120b,give_medication_hypertonic_saline_iv,give_medication_hypertonic_saline_iv,NONE,deviation,,
hemorrhagic_stroke_oss120b_r0,hemorrhagic_stroke,oss-120b,give_medication_levetiracetam_iv,give_medication_levetiracetam_iv,NONE,deviation,,
hemorrhagic_stroke_oss120b_r0,hemorrhagic_stroke,oss-120b,give_medication_mannitol_iv,give_medication_mannitol_iv,NONE,deviation,,
hemorrhagic_stroke_oss120b_r2,hemorrhagic_stroke,oss-120b,give_medication_pcc,give_medication_pcc,NONE,deviation,,
hemorrhagic_stroke_oss120b_r0,hemorrhagic_stroke,oss-120b,give_medication_prothrombin_complex_concentrate_iv,give_medication_prothrombin_complex_concentrate_iv,NONE,deviation,,
hemorrhagic_stroke_oss120b_r1,hemorrhagic_stroke,oss-120b,give_medication_vitamin_k,give_medication_vitamin_k,NONE,deviation,,
hemorrhagic_stroke_oss120b_r2,hemorrhagic_stroke,oss-120b,order_imaging_computed_tomography_angio,order_imaging_computed_tomography_angio,NONE,deviation,,
hemorrhagic_stroke_oss120b_r0,hemorrhagic_stroke,oss-120b,order_imaging_computed_tomography_angio_head,order_imaging_computed_tomography_angio_head,NONE,deviation,,
hemorrhagic_stroke_oss120b_r0,hemorrhagic_stroke,oss-120b,order_imaging_computed_tomography_angio_head_repeat,order_imaging_computed_tomography_angio_head_repeat,NONE,deviation,,
hemorrhagic_stroke_oss120b_r0,hemorrhagic_stroke,oss-120b,order_imaging_ct_head,order_imaging_ct_head,NONE,deviation,,
hemorrhagic_stroke_qwen35b_r0,hemorrhagic_stroke,Qwen3.5-35B,order_imaging_cta_head,order_imaging_cta_head,NONE,deviation,,
hemorrhagic_stroke_oss120b_r1,hemorrhagic_stroke,oss-120b,order_imaging_head_computed_tomography_angiography,order_imaging_head_computed_tomography_angiography,NONE,deviation,,
hemorrhagic_stroke_oss120b_r0,hemorrhagic_stroke,oss-120b,order_imaging_head_computed_tomography_repeat,order_imaging_head_computed_tomography_repeat,NONE,deviation,,
hemorrhagic_stroke_qwen35b_r1,hemorrhagic_stroke,Qwen3.5-35B,order_imaging_head_computed_tomography_with_contrast,order_imaging_head_computed_tomography_with_contrast,NONE,deviation,,
hemorrhagic_stroke_qwen35b_r1,hemorrhagic_stroke,Qwen3.5-35B,order_imaging_head_computed_tomography_without_contrast,order_imaging_head_computed_tomography_without_contrast,NONE,deviation,,
hemorrhagic_stroke_oss120b_r0,hemorrhagic_stroke,oss-120b,order_imaging_mri_brain,order_imaging_mri_brain,NONE,deviation,,
hemorrhagic_stroke_oss120b_r0,hemorrhagic_stroke,oss-120b,order_lab_glucose,order_lab_glucose,NONE,deviation,,
hemorrhagic_stroke_oss120b_r2,hemorrhagic_stroke,oss-120b,order_lab_lab,order_lab_lab,NONE,deviation,,
hemorrhagic_stroke_oss120b_r0,hemorrhagic_stroke,oss-120b,order_lab_platelet_count,order_lab_platelet_count,NONE,deviation,,
hemorrhagic_stroke_oss120b_r0,hemorrhagic_stroke,oss-120b,order_lab_procedure_icp_monitor,order_lab_procedure_icp_monitor,NONE,deviation,,
hemorrhagic_stroke_oss120b_r0,hemorrhagic_stroke,oss-120b,order_lab_procedure_ventriculostomy,order_lab_procedure_ventriculostomy,NONE,deviation,,
hemorrhagic_stroke_oss120b_r1,hemorrhagic_stroke,oss-120b,order_lab_type_and_crossmatch,order_lab_type_and_crossmatch,NONE,deviation,,
hemorrhagic_stroke_oss120b_r2,hemorrhagic_stroke,oss-120b,order_type_and_crossmatch,order_type_and_crossmatch,NONE,deviation,,
hemorrhagic_stroke_oss120b_r0,hemorrhagic_stroke,oss-120b,,,activate_stroke_team,omission,,
hemorrhagic_stroke_oss120b_r0,hemorrhagic_stroke,oss-120b,,,order_stat_ct_head,omission,,
hemorrhagic_stroke_oss120b_r0,hemorrhagic_stroke,oss-120b,,,icu_admission,omission,,
hemorrhagic_stroke_oss120b_r0,hemorrhagic_stroke,oss-120b,,,reverse_anticoagulation_if_applicable,omission,,
hemorrhagic_stroke_oss120b_r0,hemorrhagic_stroke,oss-120b,,,neurosurgery_consult,omission,,
hemorrhagic_stroke_oss120b_r1,hemorrhagic_stroke,oss-120b,,,bp_reduction_target_140,omission,,
htn_emergency_basic_qwen27b_r1,htn_emergency_basic,Qwen3.5-27B,administer_iv_fluids,administer_iv_fluids,NONE,,,
htn_emergency_basic_oss120b_r0,htn_emergency_basic,oss-120b,assess_neurologic_status,assess_neurologic_status,NONE,,,
htn_emergency_basic_oss120b_r0,htn_emergency_basic,oss-120b,assess_vital_signs,assess_vital_signs,assess_vital_signs,,,
htn_emergency_basic_oss120b_r0,htn_emergency_basic,oss-120b,consult_nephrology,consult_nephrology,NONE,,,
htn_emergency_basic_oss120b_r0,htn_emergency_basic,oss-120b,order_imaging_ct_head,order_imaging_ct_head,order_imaging_ct_head,,,
htn_emergency_basic_oss120b_r0,htn_emergency_basic,oss-120b,order_lab_bmp,order_lab_bmp,order_lab_bmp,,,
htn_emergency_basic_oss120b_r0,htn_emergency_basic,oss-120b,order_lab_cbc,order_lab_cbc,order_lab_cbc,,,
htn_emergency_basic_oss120b_r0,htn_emergency_basic,oss-120b,order_lab_coagulation,order_lab_coagulation,NONE,,,
htn_emergency_basic_oss120b_r0,htn_emergency_basic,oss-120b,order_lab_eGFR,order_lab_eGFR,NONE,,,
htn_emergency_basic_qwen27b_r0,htn_emergency_basic,Qwen3.5-27B,order_lab_urinalysis,order_lab_urinalysis,order_lab_urinalysis,,,
htn_emergency_basic_oss120b_r0,htn_emergency_basic,oss-120b,assess_fundoscopic_exam,assess_fundoscopic_exam,NONE,deviation,,
htn_emergency_basic_oss120b_r2,htn_emergency_basic,oss-120b,give_fluid_isotonic_saline,give_fluid_isotonic_saline,NONE,deviation,,
htn_emergency_basic_oss120b_r0,htn_emergency_basic,oss-120b,give_iv_fluids,give_iv_fluids,NONE,deviation,,
htn_emergency_basic_oss120b_r0,htn_emergency_basic,oss-120b,give_medication_esmolol,give_medication_esmolol,NONE,deviation,,
htn_emergency_basic_oss120b_r2,htn_emergency_basic,oss-120b,give_medication_iv_labetalol,give_medication_iv_labetalol,NONE,deviation,,
htn_emergency_basic_oss120b_r2,htn_emergency_basic,oss-120b,give_medication_iv_nicardipine,give_medication_iv_nicardipine,NONE,deviation,,
htn_emergency_basic_oss120b_r2,htn_emergency_basic,oss-120b,give_medication_iv_nitroprusside,give_medication_iv_nitroprusside,NONE,deviation,,
htn_emergency_basic_oss120b_r2,htn_emergency_basic,oss-120b,monitor_hemodynamics,monitor_hemodynamics,NONE,deviation,,
htn_emergency_basic_qwen27b_r0,htn_emergency_basic,Qwen3.5-27B,monitor_neurological_status,monitor_neurological_status,NONE,deviation,,
htn_emergency_basic_qwen27b_r1,htn_emergency_basic,Qwen3.5-27B,monitor_vital_signs_continuously,monitor_vital_signs_continuously,NONE,deviation,,
htn_emergency_basic_oss120b_r2,htn_emergency_basic,oss-120b,order_ct_angiography,order_ct_angiography,NONE,deviation,,
htn_emergency_basic_oss120b_r2,htn_emergency_basic,oss-120b,order_ecg,order_ecg,NONE,deviation,,
htn_emergency_basic_qwen27b_r0,htn_emergency_basic,Qwen3.5-27B,order_imaging_computed_tomography_head_non_contrast,order_imaging_computed_tomography_head_non_contrast,NONE,deviation,,
htn_emergency_basic_qwen27b_r0,htn_emergency_basic,Qwen3.5-27B,order_lab_electrocardiogram_12_lead,order_lab_electrocardiogram_12_lead,NONE,deviation,,
htn_emergency_basic_oss120b_r0,htn_emergency_basic,oss-120b,order_lab_estimated_glomerular_filtration_rate,order_lab_estimated_glomerular_filtration_rate,NONE,deviation,,
htn_emergency_basic_qwen27b_r1,htn_emergency_basic,Qwen3.5-27B,order_lab_gcs,order_lab_gcs,NONE,deviation,,
htn_emergency_basic_qwen35b_r0,htn_emergency_basic,Qwen3.5-35B,order_lab_mg,order_lab_mg,NONE,deviation,,
htn_emergency_basic_oss120b_r1,htn_emergency_basic,oss-120b,order_lab_urine_micro,order_lab_urine_micro,NONE,deviation,,
htn_emergency_basic_oss120b_r1,htn_emergency_basic,oss-120b,place_arterial_line,place_arterial_line,NONE,deviation,,
htn_emergency_basic_qwen27b_r0,htn_emergency_basic,Qwen3.5-27B,review_computed_tomography_head_results,review_computed_tomography_head_results,NONE,deviation,,
htn_emergency_basic_qwen27b_r0,htn_emergency_basic,Qwen3.5-27B,review_electrocardiogram_results,review_electrocardiogram_results,NONE,deviation,,
htn_emergency_basic_qwen27b_r1,htn_emergency_basic,Qwen3.5-27B,review_head_computed_tomography_results,review_head_computed_tomography_results,NONE,deviation,,
htn_emergency_basic_qwen27b_r0,htn_emergency_basic,Qwen3.5-27B,review_imaging_results,review_imaging_results,NONE,deviation,,
htn_emergency_basic_oss120b_r0,htn_emergency_basic,oss-120b,,,obtain_iv_access,omission,,
htn_emergency_basic_oss120b_r1,htn_emergency_basic,oss-120b,,,order_lab_urinalysis,omission,,
htn_emergency_basic_qwen27b_r0,htn_emergency_basic,Qwen3.5-27B,,,order_imaging_ct_head,omission,,
pe_submassive_basic_qwen27b_r0,pe_submassive_basic,Qwen3.5-27B,administer_supplemental_oxygen,administer_supplemental_oxygen,NONE,,,
pe_submassive_basic_oss120b_r0,pe_submassive_basic,oss-120b,assess_vital_signs,assess_vital_signs,assess_vital_signs,,,
pe_submassive_basic_qwen27b_r1,pe_submassive_basic,Qwen3.5-27B,consult_intensive_care,consult_intensive_care,NONE,,,
pe_submassive_basic_oss120b_r0,pe_submassive_basic,oss-120b,consult_thrombosis,consult_thrombosis,NONE,,,
pe_submassive_basic_oss120b_r2,pe_submassive_basic,oss-120b,give_medication_enoxaparin,give_medication_enoxaparin,NONE,,,
pe_submassive_basic_oss120b_r1,pe_submassive_basic,oss-120b,order_imaging_ct_pulmonary_angiography,order_imaging_ct_pulmonary_angiography,order_imaging_ct_pulmonary_angiography,,,
pe_submassive_basic_oss120b_r1,pe_submassive_basic,oss-120b,order_lab_abg,order_lab_abg,NONE,,,
pe_submassive_basic_oss120b_r0,pe_submassive_basic,oss-120b,order_lab_d_dimer,order_lab_d_dimer,order_lab_d_dimer,,,
pe_submassive_basic_oss120b_r2,pe_submassive_basic,oss-120b,admit_patient,admit_patient,NONE,deviation,,
pe_submassive_basic_qwen27b_r0,pe_submassive_basic,Qwen3.5-27B,assess_clinical_status,assess_clinical_status,NONE,deviation,,
pe_submassive_basic_oss120b_r0,pe_submassive_basic,oss-120b,assess_hemodynamic_stability,assess_hemodynamic_stability,NONE,deviation,,
pe_submassive_basic_qwen27b_r2,pe_submassive_basic,Qwen3.5-27B,assess_oxygen_saturation,assess_oxygen_saturation,NONE,deviation,,
pe_submassive_basic_oss120b_r1,pe_submassive_basic,oss-120b,assess_pe_risk,assess_pe_risk,NONE,deviation,,
pe_submassive_basic_oss120b_r2,pe_submassive_basic,oss-120b,assess_pe_risk_score,assess_pe_risk_score,NONE,deviation,,
pe_submassive_basic_qwen27b_r1,pe_submassive_basic,Qwen3.5-27B,give_medication_anticoagulant,give_medication_anticoagulant,NONE,deviation,,
pe_submassive_basic_qwen35b_r0,pe_submassive_basic,Qwen3.5-35B,give_medication_anticoagulation,give_medication_anticoagulation,NONE,deviation,,
pe_submassive_basic_oss120b_r2,pe_submassive_basic,oss-120b,give_medication_morphine,give_medication_morphine,NONE,deviation,,
pe_submassive_basic_oss120b_r1,pe_submassive_basic,oss-120b,give_medication_morphine_iv,give_medication_morphine_iv,NONE,deviation,,
pe_submassive_basic_oss120b_r0,pe_submassive_basic,oss-120b,give_medication_rivaroxaban,give_medication_rivaroxaban,NONE,deviation,,
pe_submassive_basic_oss120b_r0,pe_submassive_basic,oss-120b,give_medication_unfractionated_heparin,give_medication_unfractionated_heparin,NONE,deviation,,
pe_submassive_basic_oss120b_r1,pe_submassive_basic,oss-120b,order_imaging_computed_tomography_pulmonary_angiography,order_imaging_computed_tomography_pulmonary_angiography,NONE,deviation,,
pe_submassive_basic_qwen35b_r0,pe_submassive_basic,Qwen3.5-35B,order_imaging_cta_chest,order_imaging_cta_chest,NONE,deviation,,
pe_submassive_basic_qwen27b_r0,pe_submassive_basic,Qwen3.5-27B,order_imaging_ecd,order_imaging_ecd,NONE,deviation,,
pe_submassive_basic_qwen27b_r0,pe_submassive_basic,Qwen3.5-27B,order_imaging_electrocardiogram_12_lead,order_imaging_electrocardiogram_12_lead,NONE,deviation,,
pe_submassive_basic_qwen35b_r2,pe_submassive_basic,Qwen3.5-35B,order_imaging_lower_extremity_venous_doppler,order_imaging_lower_extremity_venous_doppler,NONE,deviation,,
pe_submassive_basic_oss120b_r0,pe_submassive_basic,oss-120b,order_imaging_ultrasound,order_imaging_ultrasound,NONE,deviation,,
pe_submassive_basic_oss120b_r2,pe_submassive_basic,oss-120b,order_imaging_ultrasound_lower_extremities,order_imaging_ultrasound_lower_extremities,NONE,deviation,,
pe_submassive_basic_qwen27b_r0,pe_submassive_basic,Qwen3.5-27B,order_lab_complete_metabolic_panel,order_lab_complete_metabolic_panel,NONE,deviation,,
pe_submassive_basic_qwen4b_r0,pe_submassive_basic,Qwen3-4B,order_lab_d-dimer,order_lab_d-dimer,NONE,deviation,,
pe_submassive_basic_qwen4b_r0,pe_submassive_basic,Qwen3-4B,order_lab_high_sensitivity_troponin,order_lab_high_sensitivity_troponin,NONE,deviation,,
pe_submassive_basic_oss120b_r1,pe_submassive_basic,oss-120b,order_lab_medication_rivaroxaban_oral,order_lab_medication_rivaroxaban_oral,NONE,deviation,,
pe_submassive_basic_qwen27b_r0,pe_submassive_basic,Qwen3.5-27B,order_lab_prothrombin_time_partial_thromboplastin_time,order_lab_prothrombin_time_partial_thromboplastin_time,NONE,deviation,,
pe_submassive_basic_oss120b_r1,pe_submassive_basic,oss-120b,order_lab_ultrasound_lower_extremity,order_lab_ultrasound_lower_extremity,NONE,deviation,,
pe_submassive_basic_qwen27b_r2,pe_submassive_basic,Qwen3.5-27B,review_computed_tomography_pulmonary_angiography_results,review_computed_tomography_pulmonary_angiography_results,NONE,deviation,,
pe_submassive_basic_oss120b_r0,pe_submassive_basic,oss-120b,,,assess_wells_score,omission,,
pe_submassive_basic_oss120b_r0,pe_submassive_basic,oss-120b,,,order_imaging_ct_pulmonary_angiography,omission,,
pe_submassive_basic_oss120b_r1,pe_submassive_basic,oss-120b,,,order_lab_d_dimer,omission,,
septic_shock_basic_oss120b_r0,septic_shock_basic,oss-120b,consult_infectious_disease,consult_infectious_disease,NONE,,,
septic_shock_basic_oss120b_r0,septic_shock_basic,oss-120b,give_broad_spectrum_antibiotics,give_broad_spectrum_antibiotics,give_broad_spectrum_antibiotics,,,
septic_shock_basic_oss120b_r0,septic_shock_basic,oss-120b,give_crystalloid_30ml_kg,give_crystalloid_30ml_kg,give_crystalloid_30ml_kg,,,
septic_shock_basic_oss120b_r0,septic_shock_basic,oss-120b,order_lab_coagulation,order_lab_coagulation,NONE,,,
septic_shock_basic_oss120b_r0,septic_shock_basic,oss-120b,order_lab_fibrinogen,order_lab_fibrinogen,NONE,,,
septic_shock_basic_oss120b_r0,septic_shock_basic,oss-120b,order_lab_lactate,order_lab_lactate,order_lab_lactate,,,
septic_shock_basic_oss120b_r0,septic_shock_basic,oss-120b,reassess_perfusion,reassess_perfusion,NONE,,,
septic_shock_basic_oss120b_r0,septic_shock_basic,oss-120b,remeasure_lactate_if_elevated,remeasure_lactate_if_elevated,NONE,,,
septic_shock_basic_oss120b_r0,septic_shock_basic,oss-120b,,,start_vasopressor_if_hypotensive,omission,,
septic_shock_basic_oss120b_r0,septic_shock_basic,oss-120b,assess_infection_source,assess_infection_source,NONE,timing,,
septic_shock_basic_oss120b_r0,septic_shock_basic,oss-120b,assess_organ_dysfunction,assess_organ_dysfunction,NONE,timing,,
septic_shock_penicillin_allergy_oss120b_r0,septic_shock_penicillin_allergy,oss-120b,give_broad_spectrum_antibiotics,give_broad_spectrum_antibiotics,give_broad_spectrum_antibiotics,,,
septic_shock_penicillin_allergy_oss120b_r0,septic_shock_penicillin_allergy,oss-120b,give_crystalloid_30ml_kg,give_crystalloid_30ml_kg,give_crystalloid_30ml_kg,,,
septic_shock_penicillin_allergy_oss120b_r0,septic_shock_penicillin_allergy,oss-120b,order_imaging_chest_xray,order_imaging_chest_xray,NONE,,,
septic_shock_penicillin_allergy_oss120b_r0,septic_shock_penicillin_allergy,oss-120b,order_lab_blood_culture,order_lab_blood_culture,order_lab_blood_culture,,,
septic_shock_penicillin_allergy_oss120b_r0,septic_shock_penicillin_allergy,oss-120b,order_lab_bmp,order_lab_bmp,NONE,,,
septic_shock_penicillin_allergy_oss120b_r0,septic_shock_penicillin_allergy,oss-120b,order_lab_cbc,order_lab_cbc,NONE,,,
septic_shock_penicillin_allergy_oss120b_r0,septic_shock_penicillin_allergy,oss-120b,place_central_line,place_central_line,NONE,,,
septic_shock_penicillin_allergy_oss120b_r0,septic_shock_penicillin_allergy,oss-120b,remeasure_lactate_if_elevated,remeasure_lactate_if_elevated,NONE,,,
septic_shock_penicillin_allergy_qwen27b_r2,septic_shock_penicillin_allergy,Qwen3.5-27B,assess_response_to_fluids,assess_response_to_fluids,NONE,deviation,,
septic_shock_penicillin_allergy_oss120b_r0,septic_shock_penicillin_allergy,oss-120b,assess_infection_source,assess_infection_source,NONE,timing,,
septic_shock_penicillin_allergy_oss120b_r0,septic_shock_penicillin_allergy,oss-120b,assess_organ_dysfunction,assess_organ_dysfunction,NONE,timing,,
stemi_inferior_rv_trap_oss120b_r0,stemi_inferior_rv_trap,oss-120b,activate_cath_lab,activate_cath_lab,activate_cath_lab,,,
stemi_inferior_rv_trap_oss120b_r0,stemi_inferior_rv_trap,oss-120b,arrange_pci,arrange_pci,NONE,,,
stemi_inferior_rv_trap_oss120b_r0,stemi_inferior_rv_trap,oss-120b,consider_fibrinolysis_if_pci_delayed,consider_fibrinolysis_if_pci_delayed,NONE,,,
stemi_inferior_rv_trap_oss120b_r0,stemi_inferior_rv_trap,oss-120b,give_crystalloid_fluid,give_crystalloid_fluid,NONE,,,
stemi_inferior_rv_trap_oss120b_r0,stemi_inferior_rv_trap,oss-120b,give_morphine_if_needed,give_morphine_if_needed,NONE,,,
stemi_inferior_rv_trap_oss120b_r0,stemi_inferior_rv_trap,oss-120b,obtain_chest_pain_history,obtain_chest_pain_history,NONE,,,
stemi_inferior_rv_trap_oss120b_r0,stemi_inferior_rv_trap,oss-120b,obtain_right_sided_ecg_v4r,obtain_right_sided_ecg_v4r,obtain_right_sided_ecg_v4r,,,
stemi_inferior_rv_trap_oss120b_r0,stemi_inferior_rv_trap,oss-120b,order_lab_troponin,order_lab_troponin,order_lab_troponin,,,
stemi_inferior_rv_trap_qwen27b_r0,stemi_inferior_rv_trap,Qwen3.5-27B,,,start_iv_fluid_bolus,omission,,
stemi_inferior_rv_trap_oss120b_r1,stemi_inferior_rv_trap,oss-120b,assess_vital_signs,assess_vital_signs,NONE,timing,,
stemi_inferior_rv_trap_oss120b_r0,stemi_inferior_rv_trap,oss-120b,obtain_12_lead_ecg,obtain_12_lead_ecg,NONE,timing,,
stroke_tpa_eligible_qwen4b_r2,stroke_tpa_eligible,Qwen3-4B,activate_stroke_team,activate_stroke_team,activate_stroke_team,,,
stroke_tpa_eligible_oss120b_r0,stroke_tpa_eligible,oss-120b,administer_oxygen_if_hypoxic,administer_oxygen_if_hypoxic,NONE,,,
stroke_tpa_eligible_qwen35b_r1,stroke_tpa_eligible,Qwen3.5-35B,arrange_thrombectomy,arrange_thrombectomy,NONE,,,
stroke_tpa_eligible_qwen4b_r0,stroke_tpa_eligible,Qwen3-4B,order_lab_cbc,order_lab_cbc,NONE,,,
stroke_tpa_eligible_qwen4b_r0,stroke_tpa_eligible,Qwen3-4B,order_lab_coagulation,order_lab_coagulation,NONE,,,
stroke_tpa_eligible_oss120b_r0,stroke_tpa_eligible,oss-120b,order_lab_troponin,order_lab_troponin,NONE,,,
stroke_tpa_eligible_qwen4b_r0,stroke_tpa_eligible,Qwen3-4B,activate_cath_lab,activate_cath_lab,NONE,deviation,,
stroke_tpa_eligible_oss120b_r0,stroke_tpa_eligible,oss-120b,consider_fibrinolysis_if_pci_delayed,consider_fibrinolysis_if_pci_delayed,NONE,deviation,,
stroke_tpa_eligible_oss120b_r0,stroke_tpa_eligible,oss-120b,obtain_chest_pain_history,obtain_chest_pain_history,NONE,deviation,,
stroke_tpa_eligible_qwen35b_r1,stroke_tpa_eligible,Qwen3.5-35B,order_lab_imaging,order_lab_imaging,NONE,deviation,,
stroke_tpa_eligible_oss120b_r0,stroke_tpa_eligible,oss-120b,request_cardiology_consult,request_cardiology_consult,NONE,deviation,,
stroke_tpa_eligible_oss120b_r0,stroke_tpa_eligible,oss-120b,,,obtain_last_known_well_time,omission,,
stroke_tpa_eligible_oss120b_r0,stroke_tpa_eligible,oss-120b,,,perform_nihss,omission,,
stroke_tpa_eligible_oss120b_r0,stroke_tpa_eligible,oss-120b,,,check_glucose,omission,,
stroke_tpa_eligible_oss120b_r0,stroke_tpa_eligible,oss-120b,,,review_inclusion_criteria,omission,,
stroke_tpa_eligible_oss120b_r0,stroke_tpa_eligible,oss-120b,,,review_exclusion_criteria,omission,,
stroke_tpa_eligible_oss120b_r0,stroke_tpa_eligible,oss-120b,,,obtain_informed_consent,omission,,
stroke_tpa_eligible_oss120b_r0,stroke_tpa_eligible,oss-120b,,,give_alteplase_0.9mg_kg,omission,,
